{
  "avg_monthly_return": 0.009200429227705136,
  "avg_annual_return": 0.11040515073246163,
  "total_return": 1.2584819229752249,
  "monthly_volatility": 0.003048889923655875,
  "annual_volatility": 0.01056166450891354,
  "sharpe_ratio": 10.453385509384903,
  "information_ratio": 0.42472846163281336,
  "tracking_error": 0.13039362369565577,
  "oos_r2_vs_sp500": 0.0,
  "oos_r2_excess_returns": 0.0,
  "sp500_avg_monthly_return": 0.005110130632791651,
  "sp500_avg_annual_return": 0.06132156759349981,
  "sp500_annual_volatility": 0.12914743245998406,
  "sp500_total_return": 0.7360094397542694,
  "monthly_alpha": 0.004615156933248654,
  "annual_alpha": 0.05538188319898385,
  "win_rate": 0.712,
  "months_tracked": 125,
  "max_monthly_return": 0.018494141054059176,
  "min_monthly_return": 0.001951472878206306,
  "max_drawdown": 0.0
}