{
  "avg_monthly_return": 0.008643759611927383,
  "avg_annual_return": 0.10372511534312859,
  "total_return": 1.150076073948008,
  "monthly_volatility": 0.003351246129447379,
  "annual_volatility": 0.011609057129742814,
  "sharpe_ratio": 8.934844077679761,
  "information_ratio": 0.37585660944993704,
  "oos_r2_vs_sp500": 0.0,
  "oos_r2_excess_returns": 0.0,
  "sp500_avg_monthly_return": 0.005110130632791651,
  "sp500_avg_annual_return": 0.06132156759349981,
  "sp500_annual_volatility": 0.12914743245998406,
  "sp500_total_return": 0.7360094397542694,
  "monthly_alpha": 0.0040584873174709,
  "annual_alpha": 0.0487018478096508,
  "win_rate": 0.712,
  "months_tracked": 125,
  "max_monthly_return": 0.015843657102172982,
  "min_monthly_return": 0.0018101260420637455,
  "max_drawdown": 0.0
}