{
  "avg_monthly_return": 0.008472206734402585,
  "avg_annual_return": 0.10166648081283103,
  "total_return": 0.15411671884111566,
  "monthly_volatility": 0.0032980266057077144,
  "annual_volatility": 0.01142469929159938,
  "sharpe_ratio": 8.898832102091887,
  "information_ratio": 0.3390262090076458,
  "sp500_avg_monthly_return": 0.00465908050688153,
  "sp500_avg_annual_return": 0.055908966082578365,
  "sp500_annual_volatility": 0.13444037964794212,
  "sp500_total_return": 0.06932834187857928,
  "monthly_alpha": 0.003813126227521056,
  "annual_alpha": 0.04575751473025267,
  "win_rate": 1.0,
  "months_tracked": 17,
  "max_monthly_return": 0.013534283639737708,
  "min_monthly_return": 0.004565928820397081,
  "max_drawdown": 0.0
}